p_int,density
0.0,0.0
0.1111111111111111,0.0
0.2222222222222222,0.0
0.3333333333333333,0.5945098039215686
0.4444444444444444,0.8160784313725491
0.5555555555555556,0.8976470588235295
0.6666666666666666,0.9470588235294116
0.7777777777777777,0.9625490196078432
0.8888888888888888,0.977450980392157
1.0,0.9849019607843137
